Gene1	Gene2	EdgeWeight
GeneZ	GeneX	1086.6686877694817
GeneY	GeneX	1029.3313122305183
GeneX	GeneZ	913.6754344421704
GeneY	GeneZ	896.3245655578299
GeneX	GeneY	622.554424100615
GeneZ	GeneY	528.445575899385
