Gene1	Gene2	EdgeWeight
GeneY	GeneY	5.68079821359244
GeneX	GeneX	5.42350702106299
GeneX	GeneZ	3.46603116156506
GeneZ	GeneZ	1.44124964499764
GeneY	GeneZ	1.14719602064675
GeneY	GeneX	0.554934164936946
GeneZ	GeneX	0.52557298750556
GeneX	GeneY	0.22345321829247694
GeneZ	GeneY	0.20232195896501295
