Gene1	Gene2	EdgeWeight
GeneX	GeneY	1.6824095395146306
GeneY	GeneX	1.6824095395146306
GeneY	GeneZ	0.9999503389233596
GeneZ	GeneY	0.9999503389233596
GeneX	GeneZ	0.3171911906571788
GeneZ	GeneX	0.3171911906571788
