Gene1	Gene2	EdgeWeight
g6	g5	1.5
g1	g4	0.375
g3	g5	0.24
g6	g4	0.09375
g6	g1	0.07407000000000001
g3	g6	0.06
g4	g5	0.04958
g2	g4	0.04166
g1	g5	0.0355
g5	g2	0.026660000000000003
g4	g3	0.02343
g5	g1	0.02076
g3	g1	0.01851
g5	g4	0.01662
g2	g3	0.015
g5	g6	0.0136
g3	g2	0.01239
g4	g6	0.011340000000000001
g3	g4	0.010409999999999999
g4	g1	0.0096
g1	g6	0.008870000000000001
g4	g2	0.00823
g6	g2	0.00765
g2	g1	0.006659999999999999
g5	g3	0.00624
