Gene1	Gene2	EdgeWeight
GeneY	GeneX	0.36364578335474
GeneZ	GeneX	0.351158253258219
GeneY	GeneZ	0.310339376658464
GeneX	GeneZ	0.28893854162210403
GeneZ	GeneY	0.190723044913388
GeneX	GeneY	0.12300548218020599
